{
    "DAI": 0.057152681838989715,
    "dissimilarity_score": 4.13939042366576e-12,
    "IEDB_Immunogenicity": 0.022052906454021318,
    "MixMHCpred_score": 0.04370334699295732,
    "Selfsimilarity_conserved_binder": 0.1868762049287198,
    "recognition_potential": 0.055866581498735975,
    "Priority_score_fromDNA": 0.11187107398517361,
    "Priority_score_fromRNA": 0.11187107398517361,
    "hex_alignment_score": 0.027547633215237177,
    "PRIME_score": 0.09653157561946965,
    "gene_expression": 0.2865269214773824
}