{
    "DAI": 0.0975524457576402,
    "dissimilarity_score": 0.0,
    "IEDB_Immunogenicity": 0.05616528241537177,
    "MixMHCpred_score": 0.09806681047782011,
    "Selfsimilarity_conserved_binder": 0.20260892580432865,
    "recognition_potential": 1.4404233398047182e-16,
    "hex_alignment_score": 0.05860838095649245,
    "PRIME_score": 0.15745730285831225,
    "imputedGeneExpression": 0.14772266991185248,
    "Priority_score_imputed_fromDNA": 0.0909090909090909,
    "Priority_score_imputed_fromRNA": 0.0909090909090909
}